{
  "resources": [
    "mat410.ogg",
    "mat410.m4a",
    "mat410.mp3",
    "mat410.ac3"
  ],
  "spritemap": {
    "tema-1-1-1": {
      "start": 0,
      "end": 8.552108843537415,
      "loop": false
    },
    "tema-1-1-2": {
      "start": 11,
      "end": 19.679773242630386,
      "loop": false
    },
    "tema-1-1-3": {
      "start": 22,
      "end": 29.956462585034014,
      "loop": false
    },
    "tema-1-1": {
      "start": 32,
      "end": 49.44462585034013,
      "loop": false
    },
    "tema-1-2-1": {
      "start": 52,
      "end": 61.37117913832199,
      "loop": false
    },
    "tema-1-2-2": {
      "start": 64,
      "end": 73.19034013605442,
      "loop": false
    },
    "tema-1-2": {
      "start": 76,
      "end": 98.42274376417234,
      "loop": false
    }
  }
}